"";"Users";"Status"
"1";"Tarquin";"User"
"2353";"Page";"Page"
"2";"Mac";"User"
"3";"Olivier";"Admin"
"4";"Kku";"User"
"5";"Karada";"User"
"6";"Morwen";"Admin"
"7";"Nikai";"User"
"8";"Bryan Derksen";"User"
"9";"Ta bu shi da yu";"User"
"10";"Varitek";"User"
"11";"Nickshanks";"User"
"12";"205.213.111.50";"Anon"
"13";"81.241.222.188";"Anon"
"14";"Evercat";"Admin"
"15";"Mudshark";"User"
"16";"Norm";"User"
"17";"Lexie67";"User"
"18";"Theresa knott";"User"
"19";"68.254.162.48";"Anon"
"20";"82.159.136.1";"Anon"
"21";"SimonP";"Admin"
"22";"206.223.200.130";"Anon"
"23";"NeonGeniuses";"User"
"24";"69.108.87.160";"Anon"
"25";"203.36.44.15";"Anon"
"26";"203.36.44.16";"Anon"
"27";"Brian0918";"User"
"28";"170.177.41.11";"Anon"
"29";"Kbdank71";"Admin"
"30";"Csnewton";"User"
"31";"FlaBot";"User"
"32";"209.175.13.45";"Anon"
"33";"Xezbeth";"Admin"
"34";"66.30.40.193";"Anon"
"35";"Bighead";"User"
"36";"NickF";"User"
"37";"Salsb";"User"
"38";"Seabhcan";"User"
"39";"203.63.234.130";"Anon"
"40";"Func";"User"
"41";"Wavelength";"User"
"42";"211.26.27.70";"Anon"
"43";"Zwobot";"User"
"44";"Repayne";"User"
"45";"Giftlite";"User"
"46";"150.101.171.230";"Anon"
"47";"68.19.117.254";"Anon"
"48";"202.156.6.61";"Anon"
"49";"208.59.168.237";"Anon"
"50";"66.82.9.49";"Anon"
"51";"24.173.144.11";"Anon"
"52";"Wayward";"User"
"53";"Tbone";"User"
"54";"Saperaud~enwiki";"User"
"55";"208.62.221.62";"Anon"
"56";"85.57.162.113";"Anon"
"57";"208.59.175.65";"Anon"
"58";"69.81.72.236";"Anon"
"59";"194.52.74.9";"Anon"
"60";"Dan100";"User"
"61";"83.25.81.130";"Anon"
"62";"165.155.128.134";"Anon"
"63";"203.199.202.97";"Anon"
"64";"71.141.2.90";"Anon"
"65";"168.184.221.251";"Anon"
"66";"Bhadani";"User"
"67";"70.48.31.218";"Anon"
"68";"Znixon";"User"
"69";"142.59.93.16";"Anon"
"70";"Adashiel";"User"
"71";"CharlesDexterWard";"User"
"72";"65.92.55.124";"Anon"
"73";"Peter";"User"
"74";"70.27.68.31";"Anon"
"75";"Bluemoose";"User"
"76";"72.228.111.48";"Anon"
"77";"64.69.117.65";"Anon"
"78";"Viriditas";"User"
"79";"199.216.41.251";"Anon"
"80";"Sceptre";"User"
"81";"Bobdoe";"User"
"82";"128.138.94.56";"Anon"
"83";"71.31.57.125";"Anon"
"84";"Nakon";"User"
"85";"Fetofs";"User"
"86";"64.33.165.94";"Anon"
"87";"24.241.234.145";"Anon"
"88";"Rtdrury";"User"
"89";"71.145.193.113";"Anon"
"90";"DabMachine";"User"
"91";"Ahoerstemeier";"Admin"
"92";"64.251.49.74";"Anon"
"93";"Tom harrison";"User"
"94";"205.213.111.54";"Anon"
"95";"Mstroeck";"User"
"96";"Ruyn";"User"
"97";"YipYip";"User"
"98";"Johnleemk";"Admin"
"99";"Chadlupkes";"User"
"100";"86.217.250.118";"Anon"
"101";"80.249.52.136";"Anon"
"102";"JimR";"User"
"103";"12.166.222.37";"Anon"
"104";"Discospinster";"Admin"
"105";"68.212.38.13";"Anon"
"106";"RexNL";"User"
"107";"80.249.49.5";"Anon"
"108";"Politepunk";"User"
"109";"Tawkerbot2";"User"
"110";"Mjpieters";"User"
"111";"Gbinal";"User"
"112";"61.95.85.50";"Anon"
"113";"Alethiophile";"User"
"114";"216.171.246.30";"Anon"
"115";"Ian13";"User"
"116";"137.205.113.156";"Anon"
"117";"128.128.15.2";"Anon"
"118";"67.106.122.131";"Anon"
"119";"Darkfred";"User"
"120";"86.29.245.71";"Anon"
"121";"159.247.237.207";"Anon"
"122";"Antandrus";"Admin"
"123";"Spliffy";"User"
"124";"198.110.104.209";"Anon"
"125";"Rxnd";"User"
"126";"68.219.166.153";"Anon"
"127";"72.236.252.146";"Anon"
"128";"Eskimbot";"User"
"129";"72.38.128.17";"Anon"
"130";"220.239.192.20";"Anon"
"131";"218.215.66.60";"Anon"
"132";"71.32.63.241";"Anon"
"133";"218.215.66.206";"Anon"
"134";"Omicronpersei8";"User"
"135";"68.14.95.139";"Anon"
"136";"InShaneee";"Admin"
"137";"64.164.28.5";"Anon"
"138";"Xiong Chiamiov";"User"
"139";"38.139.36.141";"Anon"
"140";"Wiki alf";"User"
"141";"65.70.202.70";"Anon"
"142";"69.51.77.162";"Anon"
"143";"Frymaster";"User"
"144";"68.73.4.110";"Anon"
"145";"142.227.251.9";"Anon"
"146";"Travelbird";"User"
"147";"Rich Farmbrough";"User"
"148";"24.232.48.242";"Anon"
"149";"Bill Slawski";"User"
"150";"Damien o'connell";"User"
"151";"212.159.20.201";"Anon"
"152";"210.8.110.35";"Anon"
"153";"Tapir Terrific";"User"
"154";"CQJ";"User"
"155";"SWAdair";"User"
"156";"61.9.221.206";"Anon"
"157";"Tawkerbot4";"User"
"158";"138.130.49.46";"Anon"
"159";"211.27.158.182";"Anon"
"160";"Planetary";"User"
"161";"Myfanwy";"User"
"162";"200.126.175.65";"Anon"
"163";"Ixfd64";"Admin"
"164";"66.2.156.23";"Anon"
"165";"166.121.36.8";"Anon"
"166";"Dybryd";"User"
"167";"220.237.15.198";"Anon"
"168";"J Di";"User"
"169";"Joseph Solis in Australia";"User"
"170";"207.30.145.6";"Anon"
"171";"203.206.242.180";"Anon"
"172";"ALoopingIcon";"User"
"173";"203.49.205.251";"Anon"
"174";"S0uj1r0";"User"
"175";"203.158.39.182";"Anon"
"176";"24.128.233.167";"Anon"
"177";"86.212.44.211";"Anon"
"178";"Cadillacregan";"User"
"179";"AKGhetto";"User"
"180";"207.63.186.16";"Anon"
"181";"NawlinWiki";"Admin"
"182";"195.93.21.5";"Anon"
"183";"Rossarbeer";"User"
"184";"Gene Nygaard";"User"
"185";"194.82.200.41";"Anon"
"186";"66.99.101.226";"Anon"
"187";"AntiVandalBot";"User"
"188";"70.226.216.204";"Anon"
"189";"Jim Douglas";"User"
"190";"195.224.86.18";"Anon"
"191";"59.92.73.97";"Anon"
"192";"71.192.48.142";"Anon"
"193";"66.81.149.7";"Anon"
"194";"ArglebargleIV";"User"
"195";"144.132.59.127";"Anon"
"196";"204.14.12.196";"Anon"
"197";"209.6.134.80";"Anon"
"198";"210.84.19.157";"Anon"
"199";"219.75.111.203";"Anon"
"200";"208.96.75.96";"Anon"
"201";"Rubenwikipedia";"User"
"202";"154.20.113.149";"Anon"
"203";"212.47.73.50";"Anon"
"204";"Can't sleep, clown will eat me";"User"
"205";"203.59.15.134";"Anon"
"206";"217.23.167.59";"Anon"
"207";"143.254.39.128";"Anon"
"208";"143.254.39.17";"Anon"
"209";"72.1.206.17";"Anon"
"210";"149.99.169.129";"Anon"
"211";"58.179.133.8";"Anon"
"212";"Meodudlye";"User"
"213";"84.9.179.97";"Anon"
"214";"24.235.243.3";"Anon"
"215";"209.204.119.102";"Anon"
"216";"Krellis";"User"
"217";"72.10.100.204";"Anon"
"218";"67.52.70.242";"Anon"
"219";"69.158.176.145";"Anon"
"220";"68.50.149.35";"Anon"
"221";"209.158.182.137";"Anon"
"222";"The Rambling Man";"User"
"223";"195.92.168.164";"Anon"
"224";"72.66.28.200";"Anon"
"225";"82.227.48.155";"Anon"
"226";"168.216.234.229";"Anon"
"227";"168.216.234.81";"Anon"
"228";"86.2.219.38";"Anon"
"229";"Patrick Neylan";"User"
"230";"168.216.167.133";"Anon"
"231";"Nwwaew";"User"
"232";"216.120.186.2";"Anon"
"233";"CmdrObot";"Bot"
"234";"193.45.226.19";"Anon"
"235";"74.116.128.10";"Anon"
"236";"69.106.186.140";"Anon"
"237";"62.6.250.109";"Anon"
"238";"24.16.84.73";"Anon"
"239";"124.106.196.163";"Anon"
"240";"66.176.112.141";"Anon"
"241";"Rettetast";"User"
"242";"Anthony Appleyard";"User"
"243";"204.218.240.92";"Anon"
"244";"142.227.157.1";"Anon"
"245";"Almadenbuff";"User"
"246";"Censol";"User"
"247";"192.114.190.18";"Anon"
"248";"Highcount";"User"
"249";"Templationist";"User"
"250";"24.20.231.16";"Anon"
"251";"Prgrmr@wrk";"User"
"252";"Tomtefarbror";"User"
"253";"202.175.243.150";"Anon"
"254";"64.72.180.129";"Anon"
"255";"142.163.229.142";"Anon"
"256";"Alphachimp";"Admin"
"257";"207.248.249.114";"Anon"
"258";"Wizardman";"Admin"
"259";"Edge2001";"User"
"260";"69.247.108.179";"Anon"
"261";"68.46.79.222";"Anon"
"262";"216.56.81.195";"Anon"
"263";"66.18.214.108";"Anon"
"264";"68.248.234.221";"Anon"
"265";"TeaDrinker";"Admin"
"266";"199.216.188.3";"Anon"
"267";"Lucas j barker";"User"
"268";"Gogo Dodo";"User"
"269";"68.43.144.240";"Anon"
"270";"AndriusG";"User"
"271";"61.88.131.146";"Anon"
"272";"Luk";"Admin"
"273";"205.202.240.98";"Anon"
"274";"(jarbarf)";"User"
"275";"AuburnPilot";"Admin"
"276";"204.113.146.231";"Anon"
"277";"74.108.5.177";"Anon"
"278";"68.15.158.162";"Anon"
"279";"Cyrus Andiron";"User"
"280";"DSRH";"User"
"281";"203.94.143.9";"Anon"
"282";"TRosenbaum";"User"
"283";"72.10.98.195";"Anon"
"284";"24.20.231.20";"Anon"
"285";"Harksaw";"User"
"286";"195.229.242.86";"Anon"
"287";"Joshlim";"User"
"288";"80.77.246.146";"Anon"
"289";"Milkyface";"User"
"290";"Ewulp";"User"
"291";"75.85.93.93";"Anon"
"292";"71.134.207.199";"Anon"
"293";"198.53.173.32";"Anon"
"294";"220.233.23.188";"Anon"
"295";"Dureo";"User"
"296";"24.71.48.252";"Anon"
"297";"207.63.116.241";"Anon"
"298";"Danski14";"User"
"299";"Davidkhill";"User"
"300";"75.10.223.29";"Anon"
"301";"207.63.113.98";"Anon"
"302";"Gtg204y";"User"
"303";"Willow177";"User"
"304";"Tatortitz";"User"
"305";"Drappel";"User"
"306";"71.163.70.213";"Anon"
"307";"69.104.143.63";"Anon"
"308";"Bbatsell";"Admin"
"309";"Princess Fatima";"User"
"310";"HarryHenryGebel";"User"
"311";"Jpg";"User"
"312";"82.46.103.188";"Anon"
"313";"72.65.25.114";"Anon"
"314";"Opelio";"User"
"315";"71.7.23.85";"Anon"
"316";"138.9.13.187";"Anon"
"317";"P199";"User"
"318";"68.196.251.176";"Anon"
"319";"Xiahou";"User"
"320";"58.152.207.126";"Anon"
"321";"Phil Polychaete";"User"
"322";"216.124.227.67";"Anon"
"323";"24.231.63.241";"Anon"
"324";"142.179.36.161";"Anon"
"325";"LOL";"User"
"326";"70.71.248.23";"Anon"
"327";"D. Recorder";"User"
"328";"204.107.82.83";"Anon"
"329";"70.248.106.197";"Anon"
"330";"Rory096";"User"
"331";"Crudlique";"User"
"332";"...adam...";"User"
"333";"Skapur";"User"
"334";"67.160.56.221";"Anon"
"335";"Yksin";"User"
"336";"Raven4x4x";"User"
"337";"Plazak";"User"
"338";"64.135.223.43";"Anon"
"339";"MartinBot";"User"
"340";"67.53.75.44";"Anon"
"341";"Ohnoitsjamie";"Admin"
"342";"207.73.33.1";"Anon"
"343";"207.225.249.48";"Anon"
"344";"70.252.88.74";"Anon"
"345";"24.138.22.95";"Anon"
"346";"Lokal Profil";"User"
"347";"24.69.70.201";"Anon"
"348";"BlooxEinjeru";"User"
"349";"70.60.28.226";"Anon"
"350";"165.155.208.148";"Anon"
"351";"74.121.64.175";"Anon"
"352";"74.99.187.4";"Anon"
"353";"209.10.59.204";"Anon"
"354";"206.82.19.214";"Anon"
"355";"Drunkenmonkey";"User"
"356";"206.82.18.146";"Anon"
"357";"206.82.22.245";"Anon"
"358";"Stemonitis";"Admin"
"359";"Haukurth";"Admin"
"360";"Bonebuster";"User"
"361";"(aeropagitica)";"Admin"
"362";"68.82.171.238";"Anon"
"363";"Gwernol";"User"
"364";"Lanky";"User"
"365";"Hdt83";"User"
"366";"164.116.12.86";"Anon"
"367";"164.116.12.35";"Anon"
"368";"164.116.13.178";"Anon"
"369";"164.116.12.132";"Anon"
"370";"206.82.21.136";"Anon"
"371";"Bobmaster123";"User"
"372";"206.82.19.101";"Anon"
"373";"206.82.23.243";"Anon"
"374";"Deor";"Admin"
"375";"206.82.18.142";"Anon"
"376";"123nec";"User"
"377";"Greswik";"User"
"378";"Edgarde";"User"
"379";"VoABot II";"User"
"380";"Accu700";"User"
"381";"Retiono Virginian";"User"
"382";"Accu20";"User"
"383";"74.100.205.220";"Anon"
"384";"129.37.153.107";"Anon"
"385";"PureRED";"User"
"386";"210.18.198.58";"Anon"
"387";"68.185.96.14";"Anon"
"388";"DerHexer";"Admin"
"389";"65.0.223.88";"Anon"
"390";"209.6.162.130";"Anon"
"391";"Steven Weston";"User"
"392";"68.39.249.125";"Anon"
"393";"76.29.82.209";"Anon"
"394";"Katalaveno";"User"
"395";"216.162.91.131";"Anon"
"396";"24.30.88.9";"Anon"
"397";"Yamamoto Ichiro";"User"
"398";"80.216.237.96";"Anon"
"399";"90.192.242.19";"Anon"
"400";"202.58.183.202";"Anon"
"401";"Jossi";"User"
"402";"Optakeover";"User"
"403";"74.92.20.5";"Anon"
"404";"Kibblesnbits";"User"
"405";"132.177.158.146";"Anon"
"406";"81.105.97.8";"Anon"
"407";"71.167.186.87";"Anon"
"408";"69.86.92.192";"Anon"
"409";"86.150.76.178";"Anon"
"410";"Codeine";"User"
"411";"Vald";"User"
"412";"69.145.205.88";"Anon"
"413";"68.1.108.140";"Anon"
"414";"65.254.4.129";"Anon"
"415";"Xcentaur";"User"
"416";"69.157.7.199";"Anon"
"417";"202.43.226.11";"Anon"
"418";"80.200.246.35";"Anon"
"419";"123321123321123321t";"User"
"420";"Oil Treatment International";"User"
"421";"Duran";"User"
"422";"Nec123";"User"
"423";"OAC";"User"
"424";"69.251.254.140";"Anon"
"425";"206.82.18.222";"Anon"
"426";"24.141.208.45";"Anon"
"427";"Caltas";"User"
"428";"72.224.7.158";"Anon"
"429";"68.151.200.53";"Anon"
"430";"142.33.234.71";"Anon"
"431";"Katieh5584";"User"
"432";"219.110.205.40";"Anon"
"433";"Padgadfgad";"User"
"434";"Gracenotes";"User"
"435";"68.40.239.99";"Anon"
"436";"Longhair";"Admin"
"437";"142.31.147.2";"Anon"
"438";"Killjoy966";"User"
"439";"SmackBot";"User"
"440";"Soccer93";"User"
"441";"Bob f it";"User"
"442";"Javit";"User"
"443";"58.174.80.64";"Anon"
"444";"69.144.232.61";"Anon"
"445";"211.31.35.209";"Anon"
"446";"72.27.10.206";"Anon"
"447";"La Parka Your Car";"User"
"448";"Speedoflight";"User"
"449";"203.122.98.112";"Anon"
"450";"69.138.245.9";"Anon"
"451";"216.185.84.246";"Anon"
"452";"Insanity Incarnate";"User"
"453";"67.168.131.64";"Anon"
"454";"208.42.164.249";"Anon"
"455";"Encyclopædius";"User"
"456";"134.246.137.150";"Anon"
"457";"169.244.83.99";"Anon"
"458";"Danelo";"User"
"459";"222.127.193.27";"Anon"
"460";"Gscshoyru";"User"
"461";"124.183.204.92";"Anon"
"462";"K12worker";"User"
"463";"81.149.88.146";"Anon"
"464";"Xdenizen";"User"
"465";"58.170.208.212";"Anon"
"466";"Skysmith";"User"
"467";"Lightmouse";"User"
"468";"Phi*n!x";"User"
"469";"87.201.177.103";"Anon"
"470";"68.45.11.99";"Anon"
"471";"128.187.0.164";"Anon"
"472";"124.185.193.207";"Anon"
"473";"SebastianHelm";"Admin"
"474";"203.152.105.123";"Anon"
"475";"Acroterion";"Admin"
"476";"203.87.12.26";"Anon"
"477";"76.208.196.2";"Anon"
"478";"Blood Red Sandman";"User"
"479";"Rowan747";"User"
"480";"222.154.178.99";"Anon"
"481";"RainbowOfLight";"User"
"482";"58.109.115.161";"Anon"
"483";"144.139.29.16";"Anon"
"484";"59.92.243.109";"Anon"
"485";"71.232.92.206";"Anon"
"486";"ClueBot";"User"
"487";"69.132.154.87";"Anon"
"488";"Bubbles28";"User"
"489";"203.173.161.146";"Anon"
"490";"142.227.237.253";"Anon"
"491";"69.125.195.247";"Anon"
"492";"64.235.101.131";"Anon"
"493";"RobertG";"Admin"
"494";"134.246.137.54";"Anon"
"495";"Orbst";"User"
"496";"Robinstocks";"User"
"497";"Morwinyon";"User"
"498";"Thijs!bot";"User"
"499";"63.175.153.226";"Anon"
"500";"208.66.198.174";"Anon"
"501";"219.74.134.143";"Anon"
"502";"207.236.174.130";"Anon"
"503";"KnowledgeOfSelf";"User"
"504";"72.39.10.130";"Anon"
"505";"Dawn Bard";"User"
"506";"76.122.1.52";"Anon"
"507";"Prolog";"Admin"
"508";"69.117.200.206";"Anon"
"509";"75.68.119.44";"Anon"
"510";"168.11.211.217";"Anon"
"511";"Rjd0060";"User"
"512";"Pustelnik";"User"
"513";"202.59.23.133";"Anon"
"514";"76.81.185.114";"Anon"
"515";"216.28.204.163";"Anon"
"516";"24.86.68.151";"Anon"
"517";"86.146.12.180";"Anon"
"518";"Thehowitzer";"User"
"519";"167.128.170.111";"Anon"
"520";"CounterVandalismBot";"User"
"521";"66.165.208.206";"Anon"
"522";"Xenonice";"User"
"523";"DanniellaWB";"User"
"524";"79.179.183.166";"Anon"
"525";"81.157.40.35";"Anon"
"526";"165.228.162.187";"Anon"
"527";"151.198.212.250";"Anon"
"528";"81.79.92.16";"Anon"
"529";"Chmyr";"User"
"530";"70.7.83.142";"Anon"
"531";"71.222.240.120";"Anon"
"532";"Xocasgv~enwiki";"User"
"533";"76.102.120.119";"Anon"
"534";"170.158.82.53";"Anon"
"535";"216.170.202.20";"Anon"
"536";"72.179.36.157";"Anon"
"537";"99.238.28.177";"Anon"
"538";"212.115.199.28";"Anon"
"539";"70.73.104.42";"Anon"
"540";"Jeepday";"Admin"
"541";"Fredwerner";"User"
"542";"71.174.168.207";"Anon"
"543";"Illnab1024";"User"
"544";"Mugunth Kumar";"User"
"545";"HisSpaceResearch";"User"
"546";"Halogenated";"User"
"547";"67.163.198.154";"Anon"
"548";"Tuandoan";"User"
"549";"203.241.147.32";"Anon"
"550";"Brianga";"Admin"
"551";"Environnement2100";"User"
"552";"83.17.51.250";"Anon"
"553";"76.230.129.250";"Anon"
"554";"Chrishmt0423";"User"
"555";"Ebaksa";"User"
"556";"216.125.50.41";"Anon"
"557";"Incantation";"User"
"558";"NJGW";"User"
"559";"Onceonthisisland";"User"
"560";"Jkl";"User"
"561";"NeilTarrant";"User"
"562";"165.234.184.39";"Anon"
"563";"82.239.68.102";"Anon"
"564";"24.61.195.172";"Anon"
"565";"154.20.147.112";"Anon"
"566";"Falconus";"User"
"567";"86.62.24.158";"Anon"
"568";"RenniePet";"User"
"569";"59.93.243.187";"Anon"
"570";"Esanchez7587";"User"
"571";"Scientizzle";"User"
"572";"Chobot";"Bot"
"573";"204.169.5.20";"Anon"
"574";"John254";"User"
"575";"Sjyoo96";"User"
"576";"Crash8552000";"User"
"577";"67.169.98.50";"Anon"
"578";"66.244.215.212";"Anon"
"579";"Barneca";"User"
"580";"Allstarecho";"User"
"581";"Snowolf";"Admin"
"582";"Mopenv";"User"
"583";"Nikegirl101";"User"
"584";"213.42.21.62";"Anon"
"585";"143.254.191.162";"Anon"
"586";"72.83.227.241";"Anon"
"587";"141.149.128.200";"Anon"
"588";"Noctibus";"User"
"589";"64.231.84.182";"Anon"
"590";"99.204.127.152";"Anon"
"591";"J.delanoy";"User"
"592";"Rebell18190";"User"
"593";"69.134.243.2";"Anon"
"594";"Jons63";"User"
"595";"142.33.130.118";"Anon"
"596";"72.215.13.246";"Anon"
"597";"Keilana";"Admin"
"598";"Alan Liefting";"User"
"599";"209.94.170.126";"Anon"
"600";"Qwfp";"User"
"601";"Athrun Atreides";"User"
"602";"203.117.66.237";"Anon"
"603";"59.182.21.42";"Anon"
"604";"24.115.49.66";"Anon"
"605";"Halgin";"User"
"606";"Pgan002";"User"
"607";"71.254.144.232";"Anon"
"608";"Shalom Yechiel";"User"
"609";"219.90.174.87";"Anon"
"610";"Superbeecat";"User"
"611";"58.165.235.43";"Anon"
"612";"Vivio Testarossa";"User"
"613";"69.206.168.92";"Anon"
"614";"21655";"User"
"615";"From-cary";"User"
"616";"63.114.228.2";"Anon"
"617";"164.92.211.68";"Anon"
"618";"164.92.211.67";"Anon"
"619";"Hqb";"User"
"620";"96.240.56.208";"Anon"
"621";"Meeples";"User"
"622";"199.60.36.133";"Anon"
"623";"Waggers";"Admin"
"624";"122.106.158.163";"Anon"
"625";"58.107.146.163";"Anon"
"626";"MER-C";"Admin"
"627";"124.184.244.90";"Anon"
"628";"76.181.211.193";"Anon"
"629";"216.123.181.250";"Anon"
"630";"65.93.2.51";"Anon"
"631";"124.82.110.181";"Anon"
"632";"208.81.93.165";"Anon"
"633";"DumZiBoT";"User"
"634";"207.28.143.8";"Anon"
"635";"Spellcast";"Admin"
"636";"76.20.104.42";"Anon"
"637";"Dgw";"User"
"638";"207.245.115.26";"Anon"
"639";"Tiddly Tom";"User"
"640";"65.120.43.242";"Anon"
"641";"Maclean25";"User"
"642";"Vernk";"User"
"643";"Geologyguy";"User"
"644";"Mathewignash";"User"
"645";"76.183.186.44";"Anon"
"646";"67.79.107.102";"Anon"
"647";"189.140.9.35";"Anon"
"648";"212.50.168.7";"Anon"
"649";"28421u2232nfenfcenc";"User"
"650";"121.210.113.34";"Anon"
"651";"Monster133";"User"
"652";"Loren.wilton";"User"
"653";"204.9.147.238";"Anon"
"654";"89.208.18.44";"Anon"
"655";"70.91.241.121";"Anon"
"656";"70.78.192.163";"Anon"
"657";"203.26.38.39";"Anon"
"658";"Kukini";"User"
"659";"207.136.100.90";"Anon"
"660";"Kksinter";"User"
"661";"Vsmith";"Admin"
"662";"Edwinseah";"User"
"663";"71.85.112.84";"Anon"
"664";"24.14.93.13";"Anon"
"665";"OverlordQ";"Admin"
"666";"99.228.157.241";"Anon"
"667";"65.254.15.50";"Anon"
"668";"S3000";"User"
"669";"196.38.218.24";"Anon"
"670";"72.39.55.171";"Anon"
"671";"Baa";"User"
"672";"75.90.38.228";"Anon"
"673";"84.90.100.104";"Anon"
"674";"199.219.144.52";"Anon"
"675";"Imperial Star Destroyer";"User"
"676";"CanadianLinuxUser";"User"
"677";"Isaac";"User"
"678";"66.103.49.126";"Anon"
"679";"24.138.140.49";"Anon"
"680";"209.183.34.45";"Anon"
"681";"King of Hearts";"User"
"682";"125.236.207.4";"Anon"
"683";"Catgut";"User"
"684";"67.163.13.109";"Anon"
"685";"76.98.155.77";"Anon"
"686";"Epbr123";"Admin"
"687";"71.167.89.153";"Anon"
"688";"XLinkBot";"User"
"689";"Zurukea";"User"
"690";"Truefreedo";"User"
"691";"Korg";"User"
"692";"65.182.76.130";"Anon"
"693";"Persian Poet Gal";"User"
"694";"142.227.215.129";"Anon"
"695";"Tombomp";"User"
"696";"JCDenton2052";"User"
"697";"85.178.199.83";"Anon"
"698";"207.213.213.130";"Anon"
"699";"D";"User"
"700";"202.7.166.180";"Anon"
"701";"CapitalR";"Admin"
"702";"75.147.14.241";"Anon"
"703";"K12kk45kk53";"User"
"704";"Fuzheado";"Admin"
"705";"122.109.113.225";"Anon"
"706";"Mojska";"User"
"707";"86.132.191.238";"Anon"
"708";"Introductory adverb clause";"User"
"709";"78.32.124.218";"Anon"
"710";"200.60.82.76";"Anon"
"711";"Aitias";"User"
"712";"212.85.2.249";"Anon"
"713";".Koen";"User"
"714";"TXiKiBoT";"User"
"715";"81.103.143.237";"Anon"
"716";"Pseudomonas";"User"
"717";"Tpb";"User"
"718";"207.157.168.138";"Anon"
"719";"207.157.168.139";"Anon"
"720";"SEWilco";"User"
"721";"207.157.168.146";"Anon"
"722";"Natl1";"User"
"723";"70.79.219.32";"Anon"
"724";"Sephiroth BCR";"User"
"725";"DAJF";"User"
"726";"124.180.44.123";"Anon"
"727";"Closedmouth";"Admin"
"728";"Glenn";"User"
"729";"59.161.129.193";"Anon"
"730";"Squaretex";"User"
"731";"Cgingold";"User"
"732";"124.217.11.243";"Anon"
"733";"165.139.72.5";"Anon"
"734";"Howcheng";"Admin"
"735";"66.225.162.217";"Anon"
"736";"Philly jawn";"User"
"737";"140.185.188.142";"Anon"
"738";"212.219.204.110";"Anon"
"739";"Piano non troppo";"User"
"740";"Techman224";"User"
"741";"Joliv22";"User"
"742";"Nsaa";"User"
"743";"StaticGull";"User"
"744";"207.255.8.195";"Anon"
"745";"Thingg";"User"
"746";"71.164.252.187";"Anon"
"747";"67.233.214.11";"Anon"
"748";"68.110.203.201";"Anon"
"749";"74.180.49.85";"Anon"
"750";"Eeekster";"User"
"751";"71.229.166.85";"Anon"
"752";"Pseade";"User"
"753";"129.241.234.126";"Anon"
"754";"74.12.46.169";"Anon"
"755";"Plasticup";"User"
"756";"12.206.171.209";"Anon"
"757";"38.109.28.125";"Anon"
"758";"Bobo192";"Admin"
"759";"81.159.235.76";"Anon"
"760";"Neurolysis";"User"
"761";"205.211.54.10";"Anon"
"762";"RussBot";"Bot"
"763";"24.44.80.96";"Anon"
"764";"Hockeykidd";"User"
"765";"Ale jrb";"User"
"766";"71.105.63.223";"Anon"
"767";"Matthew Yeager";"User"
"768";"90.205.68.100";"Anon"
"769";"129.82.74.245";"Anon"
"770";"66.133.192.97";"Anon"
"771";"Maxis ftw";"User"
"772";"75.62.148.171";"Anon"
"773";"134.83.1.234";"Anon"
"774";"59.182.132.198";"Anon"
"775";"Hikili";"User"
"776";"216.23.242.98";"Anon"
"777";"Mygerardromance";"User"
"778";"207.74.27.2";"Anon"
"779";"Roochieboy";"User"
"780";"GB fan";"User"
"781";"203.153.238.189";"Anon"
"782";"194.66.199.250";"Anon"
"783";"207.103.14.62";"Anon"
"784";"Capricorn42";"User"
"785";"86.152.44.228";"Anon"
"786";"Oneiros";"User"
"787";"98.163.0.183";"Anon"
"788";"IW.HG";"User"
"789";"Sam1dotdot";"User"
"790";"149.169.106.233";"Anon"
"791";"67.79.106.240";"Anon"
"792";"Rtyq2";"User"
"793";"204.81.107.184";"Anon"
"794";"209.91.143.66";"Anon"
"795";"204.81.107.89";"Anon"
"796";"67.180.39.55";"Anon"
"797";"86.139.63.155";"Anon"
"798";"71.196.236.176";"Anon"
"799";"67.180.243.139";"Anon"
"800";"Killiondude";"Admin"
"801";"Umbertoumm";"User"
"802";"67.189.16.200";"Anon"
"803";"74.214.141.38";"Anon"
"804";"Springnuts";"User"
"805";"Silvia879";"User"
"806";"74.236.58.231";"Anon"
"807";"Minkypinky8";"User"
"808";"24.76.60.217";"Anon"
"809";"Tennesseefan67";"User"
"810";"96.237.171.253";"Anon"
"811";"Alansohn";"User"
"812";"167.128.58.127";"Anon"
"813";"24.21.157.148";"Anon"
"814";"167.128.58.142";"Anon"
"815";"167.128.58.150";"Anon"
"816";"98.150.49.100";"Anon"
"817";"99.229.103.163";"Anon"
"818";"Call me Bubba";"User"
"819";"68.199.103.125";"Anon"
"820";"98.202.143.214";"Anon"
"821";"142.31.214.20";"Anon"
"822";"96.242.186.240";"Anon"
"823";"HexaChord";"User"
"824";"96.230.227.122";"Anon"
"825";"75.45.170.84";"Anon"
"826";"200.125.144.242";"Anon"
"827";"69.249.85.189";"Anon"
"828";"75.118.227.130";"Anon"
"829";"ZX81";"User"
"830";"96.229.195.20";"Anon"
"831";"168.8.212.70";"Anon"
"832";"Daniele Pugliesi";"User"
"833";"216.47.187.170";"Anon"
"834";"220.117.157.173";"Anon"
"835";"Manman523";"User"
"836";"Samuel Wiki";"User"
"837";"96.245.38.179";"Anon"
"838";"99.238.135.165";"Anon"
"839";"61.217.224.7";"Anon"
"840";"THEN WHO WAS PHONE?";"User"
"841";"Frozenjangofett";"User"
"842";"216.64.230.84";"Anon"
"843";"Marek69";"User"
"844";"58.174.203.130";"Anon"
"845";"212.43.9.1";"Anon"
"846";"218.214.78.113";"Anon"
"847";"58.110.87.221";"Anon"
"848";"142.33.188.2";"Anon"
"849";"Decltype";"Admin"
"850";"Tempshill";"User"
"851";"Iabpm";"User"
"852";"65.51.98.130";"Anon"
"853";"Odie5533";"User"
"854";"203.122.243.139";"Anon"
"855";"84.81.237.38";"Anon"
"856";"Turaliscool";"User"
"857";"Bobbo";"User"
"858";"Kingpin13";"Admin"
"859";"LittleOldMe";"User"
"860";"Bongwarrior";"Admin"
"861";"JohnCD";"User"
"862";"Brianback";"User"
"863";"Cmichael";"User"
"864";"Snowman837";"User"
"865";"DreamHaze";"User"
"866";"121.223.180.88";"Anon"
"867";"58.161.210.14";"Anon"
"868";"AkhtaBot";"User"
"869";"169.230.117.64";"Anon"
"870";"123.2.76.15";"Anon"
"871";"Gilliam";"Admin"
"872";"67.197.55.180";"Anon"
"873";"72.214.42.165";"Anon"
"874";"Dougofborg";"User"
"875";"Spitfire";"User"
"876";"24.222.51.0";"Anon"
"877";"Madhero88";"User"
"878";"190.155.9.235";"Anon"
"879";"75.62.232.8";"Anon"
"880";"Ipatrol";"User"
"881";"203.51.50.180";"Anon"
"882";"65.117.184.146";"Anon"
"883";"The Thing That Should Not Be";"User"
"884";"75.191.144.78";"Anon"
"885";"70.79.205.89";"Anon"
"886";"Willking1979";"Admin"
"887";"24.247.89.237";"Anon"
"888";"86.147.10.8";"Anon"
"889";"Hmayoral";"User"
"890";"69.245.186.80";"Anon"
"891";"Nothingofwater";"User"
"892";"Twirligig";"User"
"893";"165.155.192.104";"Anon"
"894";"152.157.168.43";"Anon"
"895";"JimVC3";"User"
"896";"70.58.147.174";"Anon"
"897";"Bobmcpee";"User"
"898";"202.156.8.231";"Anon"
"899";"41.242.158.199";"Anon"
"900";"Metodicar";"User"
"901";"204.102.106.95";"Anon"
"902";"Jamesooders";"User"
"903";"VI";"User"
"904";"Philip Trueman";"User"
"905";"Uncle Dick";"User"
"906";"74.173.204.109";"Anon"
"907";"68.62.17.255";"Anon"
"908";"Theanphibian";"User"
"909";"124.254.85.17";"Anon"
"910";"Erik9";"User"
"911";"Captain-tucker";"User"
"912";"Tide rolls";"User"
"913";"82.110.223.30";"Anon"
"914";"173.52.103.11";"Anon"
"915";"81.151.22.225";"Anon"
"916";"202.93.168.93";"Anon"
"917";"Originalwana";"User"
"918";"Beagel";"User"
"919";"71.94.251.141";"Anon"
"920";"118.82.166.177";"Anon"
"921";"SieBot";"User"
"922";"63.232.18.26";"Anon"
"923";"117.199.4.38";"Anon"
"924";"Mwilso24";"User"
"925";"208.95.213.82";"Anon"
"926";"LovesMacs";"User"
"927";"66.114.9.237";"Anon"
"928";"JoeSmack";"User"
"929";"Nopetro";"User"
"930";"66.114.9.128";"Anon"
"931";"66.203.188.74";"Anon"
"932";"167.128.73.59";"Anon"
"933";"167.128.73.62";"Anon"
"934";"167.128.73.66";"Anon"
"935";"167.128.73.20";"Anon"
"936";"Phantomsteve";"Admin"
"937";"206.82.87.53";"Anon"
"938";"Skarebo";"User"
"939";"Arakunem";"User"
"940";"167.128.73.60";"Anon"
"941";"82.25.101.216";"Anon"
"942";"71.30.16.85";"Anon"
"943";"Brian Crawford";"User"
"944";"131.210.95.73";"Anon"
"945";"167.128.73.13";"Anon"
"946";"Cubs197";"User"
"947";"167.128.73.37";"Anon"
"948";"167.128.73.26";"Anon"
"949";"202.158.78.34";"Anon"
"950";"Maias";"User"
"951";"Snowmanradio";"User"
"952";"98.232.239.198";"Anon"
"953";"Clarabearasarah";"User"
"954";"Mattisse";"User"
"955";"97.96.199.231";"Anon"
"956";"158.35.225.231";"Anon"
"957";"JimmB";"User"
"958";"Nick carson";"User"
"959";"Tranletuhan";"User"
"960";"89.241.116.155";"Anon"
"961";"68.4.56.233";"Anon"
"962";"24.39.42.115";"Anon"
"963";"72.87.177.69";"Anon"
"964";"Epipelagic";"User"
"965";"203.201.136.12";"Anon"
"966";"82.110.109.166";"Anon"
"967";"Dj Capricorn";"User"
"968";"169.139.224.122";"Anon"
"969";"91.194.220.10";"Anon"
"970";"Jusdafax";"User"
"971";"174.89.61.140";"Anon"
"972";"Misterx2000";"User"
"973";"60.241.25.43";"Anon"
"974";"Suffusion of Yellow";"User"
"975";"202.40.134.2";"Anon"
"976";"174.112.31.72";"Anon"
"977";"75.159.61.14";"Anon"
"978";"Ginsengbomb";"User"
"979";"69.235.137.100";"Anon"
"980";"24.15.205.76";"Anon"
"981";"208.80.74.30";"Anon"
"982";"99.250.247.110";"Anon"
"983";"Giraffedata";"User"
"984";"207.191.18.206";"Anon"
"985";"167.128.73.80";"Anon"
"986";"66.185.217.79";"Anon"
"987";"167.128.73.48";"Anon"
"988";"90.199.135.132";"Anon"
"989";"Manuelt15";"User"
"990";"Bubbletea98";"User"
"991";"Poiuytrfg";"User"
"992";"84.45.132.5";"Anon"
"993";"38.116.202.68";"Anon"
"994";"207.219.43.34";"Anon"
"995";"41.151.49.82";"Anon"
"996";"99.230.117.44";"Anon"
"997";"OlEnglish";"Admin"
"998";"Asfarer";"User"
"999";"210.8.215.219";"Anon"
"1000";"69.67.90.239";"Anon"
"1001";"67.127.233.201";"Anon"
"1002";"JForget";"User"
"1003";"71.94.249.50";"Anon"
"1004";"96.252.83.175";"Anon"
"1005";"69.36.54.210";"Anon"
"1006";"207.28.45.61";"Anon"
"1007";"Immunize";"User"
"1008";"81.96.205.249";"Anon"
"1009";"IncognitoErgoSum";"User"
"1010";"70.124.94.181";"Anon"
"1011";"71.81.139.57";"Anon"
"1012";"74.235.249.73";"Anon"
"1013";"Jovianeye";"User"
"1014";"Cptmurdok";"User"
"1015";"Calmer Waters";"User"
"1016";"Tommy2010";"User"
"1017";"67.172.155.201";"Anon"
"1018";"A little insignificant";"User"
"1019";"Ja 62";"User"
"1020";"206.253.95.5";"Anon"
"1021";"Pink Bull";"User"
"1022";"216.124.226.61";"Anon"
"1023";"82.45.134.178";"Anon"
"1024";"Zntrip";"User"
"1025";"209.133.36.142";"Anon"
"1026";"206.219.159.236";"Anon"
"1027";"97.78.229.159";"Anon"
"1028";"Wikipelli";"User"
"1029";"71.7.90.73";"Anon"
"1030";"Shadowjams";"User"
"1031";"206.219.159.65";"Anon"
"1032";"206.219.159.68";"Anon"
"1033";"AxelBoldt";"Admin"
"1034";"75.128.55.71";"Anon"
"1035";"218.185.78.100";"Anon"
"1036";"206.219.159.84";"Anon"
"1037";"206.219.159.237";"Anon"
"1038";"206.219.159.191";"Anon"
"1039";"206.219.159.80";"Anon"
"1040";"206.219.159.78";"Anon"
"1041";"206.219.159.233";"Anon"
"1042";"Fumitol";"User"
"1043";"98.222.51.158";"Anon"
"1044";"206.219.159.171";"Anon"
"1045";"24.173.129.30";"Anon"
"1046";"Mackan79";"User"
"1047";"76.227.0.146";"Anon"
"1048";"206.219.157.66";"Anon"
"1049";"24.248.82.199";"Anon"
"1050";"184.59.81.139";"Anon"
"1051";"132.252.173.14";"Anon"
"1052";"JBW";"Admin"
"1053";"147.31.184.25";"Anon"
"1054";"75.112.143.242";"Anon"
"1055";"129.32.172.227";"Anon"
"1056";"66.229.65.181";"Anon"
"1057";"76.191.244.217";"Anon"
"1058";"Theflyer";"User"
"1059";"Offenbach";"User"
"1060";"81.149.246.143";"Anon"
"1061";"90.235.160.241";"Anon"
"1062";"63.124.143.10";"Anon"
"1063";"24.12.187.81";"Anon"
"1064";"68.84.157.30";"Anon"
"1065";"Edknol";"User"
"1066";"Popsup";"User"
"1067";"70.248.194.110";"Anon"
"1068";"Drmies";"Admin"
"1069";"75.66.211.241";"Anon"
"1070";"65.96.115.31";"Anon"
"1071";"Sellcott";"User"
"1072";"Mark Foskey";"User"
"1073";"AppleMacD";"User"
"1074";"140.109.226.67";"Anon"
"1075";"Nomaphi123";"User"
"1076";"ZbeeblebroxIV";"User"
"1077";"Emerson7";"User"
"1078";"Cxbrx";"User"
"1079";"206.219.157.170";"Anon"
"1080";"Bkell";"Admin"
"1081";"207.136.215.59";"Anon"
"1082";"178.128.107.252";"Anon"
"1083";"TobeBot";"User"
"1084";"Natureguy1980";"User"
"1085";"190.24.95.172";"Anon"
"1086";"Isola20";"User"
"1087";"76.76.166.245";"Anon"
"1088";"74.113.104.62";"Anon"
"1089";"66.253.169.158";"Anon"
"1090";"Girlwithgreeneyes";"User"
"1091";"70.131.107.114";"Anon"
"1092";"N2e";"User"
"1093";"80.4.159.1";"Anon"
"1094";"Pinethicket";"User"
"1095";"99.194.196.87";"Anon"
"1096";"64.61.84.71";"Anon"
"1097";"65.7.189.72";"Anon"
"1098";"70.181.44.251";"Anon"
"1099";"Holbi~enwiki";"User"
"1100";"Aalox";"User"
"1101";"Tintenfischlein";"User"
"1102";"207.216.204.9";"Anon"
"1103";"Mrubin22";"User"
"1104";"76.2.108.62";"Anon"
"1105";"173.72.163.7";"Anon"
"1106";"173.22.220.129";"Anon"
"1107";"166.102.136.9";"Anon"
"1108";"Syrthiss";"User"
"1109";"99.140.230.250";"Anon"
"1110";"Marybethholleman";"User"
"1111";"96.231.243.155";"Anon"
"1112";"Wikid77";"User"
"1113";"Smokin yall out";"User"
"1114";"99.65.9.78";"Anon"
"1115";"75.93.12.225";"Anon"
"1116";"76.24.17.102";"Anon"
"1117";"188.36.138.11";"Anon"
"1118";"24.193.36.227";"Anon"
"1119";"Xqbot";"Bot"
"1120";"66.208.121.8";"Anon"
"1121";"72.75.127.183";"Anon"
"1122";"173.68.40.223";"Anon"
"1123";"81.224.47.200";"Anon"
"1124";"67.80.237.132";"Anon"
"1125";"207.190.185.254";"Anon"
"1126";"Turgan";"User"
"1127";"Jj beast";"User"
"1128";"Simple Bob";"User"
"1129";"196.40.8.9";"Anon"
"1130";"The Grand Rans";"User"
"1131";"Dragons flight";"User"
"1132";"24.229.65.24";"Anon"
"1133";"216.235.232.218";"Anon"
"1134";"76.24.81.89";"Anon"
"1135";"Levydav";"User"
"1136";"193.118.14.205";"Anon"
"1137";"168.9.37.238";"Anon"
"1138";"98.218.72.152";"Anon"
"1139";"209.204.81.151";"Anon"
"1140";"Nick C";"User"
"1141";"99.235.51.223";"Anon"
"1142";"Reconsider the static";"User"
"1143";"70.184.38.251";"Anon"
"1144";"98.245.13.121";"Anon"
"1145";"Hello~enwiki";"User"
"1146";"Favonian";"Admin"
"1147";"82.126.178.52";"Anon"
"1148";"212.44.45.165";"Anon"
"1149";"Edgarsonneborg";"User"
"1150";"IronMaidenRocks";"User"
"1151";"78.146.139.235";"Anon"
"1152";"138.32.32.166";"Anon"
"1153";"86.143.5.146";"Anon"
"1154";"24.63.178.120";"Anon"
"1155";"173.79.107.48";"Anon"
"1156";"71.212.199.73";"Anon"
"1157";"24.126.200.19";"Anon"
"1158";"173.206.156.105";"Anon"
"1159";"66.193.200.90";"Anon"
"1160";"75.84.164.124";"Anon"
"1161";"67.49.132.203";"Anon"
"1162";"ArthurBot";"User"
"1163";"167.128.73.108";"Anon"
"1164";"173.54.227.74";"Anon"
"1165";"173.21.140.8";"Anon"
"1166";"121.72.240.120";"Anon"
"1167";"174.22.44.23";"Anon"
"1168";"Blood thir";"User"
"1169";"Wulfgang~enwiki";"User"
"1170";"222.64.219.195";"Anon"
"1171";"76.173.16.68";"Anon"
"1172";"67.55.16.166";"Anon"
"1173";"199.164.68.203";"Anon"
"1174";"Courcelles";"Admin"
"1175";"Bluerasberry";"User"
"1176";"65.123.199.210";"Anon"
"1177";"66.108.134.8";"Anon"
"1178";"98.92.136.176";"Anon"
"1179";"AtticusX";"User"
"1180";"GregorB";"User"
"1181";"70.88.66.13";"Anon"
"1182";"12.168.200.38";"Anon"
"1183";"Oilint";"User"
"1184";"66.131.184.130";"Anon"
"1185";"Geni";"Admin"
"1186";"199.188.45.1";"Anon"
"1187";"Orphan Wiki";"User"
"1188";"74.114.172.31";"Anon"
"1189";"64.213.134.2";"Anon"
"1190";"69.142.22.38";"Anon"
"1191";"96.225.94.37";"Anon"
"1192";"70.90.176.146";"Anon"
"1193";"98.216.140.43";"Anon"
"1194";"Natasha1689";"User"
"1195";"65.35.255.144";"Anon"
"1196";"99.76.185.47";"Anon"
"1197";"68.171.231.20";"Anon"
"1198";"204.81.192.126";"Anon"
"1199";"208.91.208.35";"Anon"
"1200";"Seaphoto";"User"
"1201";"204.81.192.102";"Anon"
"1202";"72.91.172.90";"Anon"
"1203";"76.106.133.166";"Anon"
"1204";"71.63.164.177";"Anon"
"1205";"Falky";"User"
"1206";"174.55.2.188";"Anon"
"1207";"114.76.69.112";"Anon"
"1208";"CosmicJake";"User"
"1209";"Paulscrawl";"User"
"1210";"Speedevil";"User"
"1211";"Starphi";"User"
"1212";"99.23.113.19";"Anon"
"1213";"Meco";"User"
"1214";"75.141.201.92";"Anon"
"1215";"71.180.127.196";"Anon"
"1216";"Pjoseph 98";"User"
"1217";"Cephlasparks";"User"
"1218";"Hannes Röst";"User"
"1219";"201.137.210.207";"Anon"
"1220";"63.238.52.78";"Anon"
"1221";"Bmaples";"User"
"1222";"David Woodward";"User"
"1223";"58.170.124.55";"Anon"
"1224";"206.130.211.8";"Anon"
"1225";"96.55.213.128";"Anon"
"1226";"Miyagawa";"User"
"1227";"Evenfiel";"User"
"1228";"129.118.165.31";"Anon"
"1229";"94.192.38.247";"Anon"
"1230";"94.194.83.61";"Anon"
"1231";"70.159.47.70";"Anon"
"1232";"FinalRapture";"User"
"1233";"206.41.89.53";"Anon"
"1234";"204.38.188.161";"Anon"
"1235";"204.38.188.157";"Anon"
"1236";"69.138.232.109";"Anon"
"1237";"208.7.187.103";"Anon"
"1238";"24.180.179.103";"Anon"
"1239";"207.195.79.69";"Anon"
"1240";"68.151.39.176";"Anon"
"1241";"174.7.121.186";"Anon"
"1242";"Elockid";"User"
"1243";"Bender235";"User"
"1244";"Hu";"User"
"1245";"Tinton5";"User"
"1246";"LucienBOT";"User"
"1247";"WriterHound";"User"
"1248";"Rogermw";"User"
"1249";"Burks88";"User"
"1250";"204.82.55.187";"Anon"
"1251";"Yobot";"Bot"
"1252";"Sphingomonas";"User"
"1253";"167.128.54.186";"Anon"
"1254";"99.235.149.80";"Anon"
"1255";"Johnson487682";"User"
"1256";"165.124.31.246";"Anon"
"1257";"DumbBOT";"Bot"
"1258";"203.100.1.66";"Anon"
"1259";"JNW";"User"
"1260";"64.20.195.3";"Anon"
"1261";"Billtubbs";"User"
"1262";"Harelx";"User"
"1263";"66.25.190.17";"Anon"
"1264";"Wedontneedoil";"User"
"1265";"TicketMan";"User"
"1266";"12.185.45.106";"Anon"
"1267";"70.167.226.24";"Anon"
"1268";"188.222.214.236";"Anon"
"1269";"Azimuth1";"User"
"1270";"173.74.33.152";"Anon"
"1271";"58.110.69.194";"Anon"
"1272";"76.170.237.180";"Anon"
"1273";"Luckas-bot";"User"
"1274";"Danh";"User"
"1275";"70.121.32.89";"Anon"
"1276";"173.63.223.68";"Anon"
"1277";"70.22.210.29";"Anon"
"1278";"68.58.218.94";"Anon"
"1279";"125.236.220.144";"Anon"
"1280";"E. Ripley";"User"
"1281";"110.32.224.174";"Anon"
"1282";"76.107.33.139";"Anon"
"1283";"174.44.206.186";"Anon"
"1284";"EmausBot";"Bot"
"1285";"Semajbobby123456789";"User"
"1286";"PMDrive1061";"User"
"1287";"64.251.53.202";"Anon"
"1288";"62.57.223.202";"Anon"
"1289";"66.130.158.220";"Anon"
"1290";"Calathan";"User"
"1291";"76.186.45.239";"Anon"
"1292";"Luwilt";"User"
"1293";"JTSchreiber";"User"
"1294";"Jamshid33";"User"
"1295";"168.8.212.131";"Anon"
"1296";"Ncmvocalist";"User"
"1297";"Jcarle";"User"
"1298";"Marcelcarroll";"User"
"1299";"Jcpalma";"User"
"1300";"38.98.130.98";"Anon"
"1301";"Cyrius";"Admin"
"1302";"38.116.202.215";"Anon"
"1303";"Aj00200";"User"
"1304";"Ohlssons";"User"
"1305";"220.101.28.25";"Anon"
"1306";"CatJar";"User"
"1307";"Robnesbitt";"User"
"1308";"68.184.57.54";"Anon"
"1309";"77.190.207.210";"Anon"
"1310";"Xenon2";"User"
"1311";"98.202.0.246";"Anon"
"1312";"Computerclass14";"User"
"1313";"Happysailor";"User"
"1314";"84user";"User"
"1315";"Avicennasis";"User"
"1316";"75.142.152.104";"Anon"
"1317";"71.132.204.84";"Anon"
"1318";"83.183.76.192";"Anon"
"1319";"216.174.135.156";"Anon"
"1320";"71.28.14.51";"Anon"
"1321";"4.131.83.19";"Anon"
"1322";"68.2.111.173";"Anon"
"1323";"Greco32";"User"
"1324";"Tp01386";"User"
"1325";"CutOffTies";"User"
"1326";"173.18.231.237";"Anon"
"1327";"Jimkearn";"User"
"1328";"196.34.250.26";"Anon"
"1329";"220.255.17.70";"Anon"
"1330";"169.229.123.161";"Anon"
"1331";"68.61.176.249";"Anon"
"1332";"EAlphaBear";"User"
"1333";"141.212.139.249";"Anon"
"1334";"Chaan";"User"
"1335";"82.68.153.36";"Anon"
"1336";"208.71.79.254";"Anon"
"1337";"Stickee";"User"
"1338";"Hamsterlopithecus";"User"
"1339";"Sopher99";"User"
"1340";"Lizard617";"User"
"1341";"68.239.14.2";"Anon"
"1342";"24.183.53.228";"Anon"
"1343";"74.143.68.202";"Anon"
"1344";"WhisperToMe";"Admin"
"1345";"24.189.174.108";"Anon"
"1346";"HowardMorland";"User"
"1347";"91.55.96.174";"Anon"
"1348";"FrescoBot";"Bot"
"1349";"209.6.132.147";"Anon"
"1350";"216.81.80.134";"Anon"
"1351";"69.125.248.255";"Anon"
"1352";"124.188.19.22";"Anon"
"1353";"95.131.110.118";"Anon"
"1354";"Christian75";"User"
"1355";"68.198.8.180";"Anon"
"1356";"Msaizan";"User"
"1357";"129.230.248.1";"Anon"
"1358";"Slabree";"User"
"1359";"Pad0215";"User"
"1360";"74.111.214.218";"Anon"
"1361";"The Utahraptor";"User"
"1362";"65.87.49.118";"Anon"
"1363";"CinchBug";"User"
"1364";"FinneJager";"User"
"1365";"Leo de Beo";"User"
"1366";"150.176.249.100";"Anon"
"1367";"Phatom87";"User"
"1368";"Joe8789";"User"
"1369";"152.33.52.84";"Anon"
"1370";"Shirtwaist";"User"
"1371";"24.107.113.104";"Anon"
"1372";"Lateg";"User"
"1373";"173.189.41.213";"Anon"
"1374";"24.22.213.211";"Anon"
"1375";"96.37.73.251";"Anon"
"1376";"99.22.1.37";"Anon"
"1377";"76.175.147.89";"Anon"
"1378";"68.173.231.116";"Anon"
"1379";"209.209.211.147";"Anon"
"1380";"212.139.244.51";"Anon"
"1381";"Bart133";"User"
"1382";"165.24.201.75";"Anon"
"1383";"69.143.165.9";"Anon"
"1384";"76.118.170.241";"Anon"
"1385";"167.80.246.204";"Anon"
"1386";"Joe Schmedley";"User"
"1387";"Environment101";"User"
"1388";"Mandarax";"User"
"1389";"24.231.191.108";"Anon"
"1390";"72.23.220.59";"Anon"
"1391";"207.109.2.216";"Anon"
"1392";"DonSiano";"User"
"1393";"115.167.7.215";"Anon"
"1394";"112.221.35.178";"Anon"
"1395";"115.167.26.105";"Anon"
"1396";"66.59.156.141";"Anon"
"1397";"Littlet1219";"User"
"1398";"199.193.10.250";"Anon"
"1399";"76.226.107.178";"Anon"
"1400";"112.203.227.17";"Anon"
"1401";"10metreh";"User"
"1402";"58.170.133.111";"Anon"
"1403";"114.77.205.198";"Anon"
"1404";"211.3.154.154";"Anon"
"1405";"121.73.41.253";"Anon"
"1406";"Abductive";"User"
"1407";"64.115.130.66";"Anon"
"1408";"203.58.8.50";"Anon"
"1409";"L Kensington";"User"
"1410";"117.206.36.110";"Anon"
"1411";"90.211.120.15";"Anon"
"1412";"88.209.206.176";"Anon"
"1413";"Iridescent";"Admin"
"1414";"69.158.28.202";"Anon"
"1415";"216.159.88.21";"Anon"
"1416";"Finalius";"User"
"1417";"EdoDodo";"User"
"1418";"AlexTheMartian";"User"
"1419";"Chicagooilscandal";"User"
"1420";"167.219.88.140";"Anon"
"1421";"Mike4ty4";"User"
"1422";"200.6.231.34";"Anon"
"1423";"FlyingLeopard2014";"User"
"1424";"Funandtrvl";"User"
"1425";"220.225.75.251";"Anon"
"1426";"DASHBot";"User"
"1427";"68.153.119.80";"Anon"
"1428";"213.107.102.112";"Anon"
"1429";"96.38.73.181";"Anon"
"1430";"Silivrenion";"User"
"1431";"123.208.111.46";"Anon"
"1432";"68.191.193.18";"Anon"
"1433";"Anna Frodesiak";"User"
"1434";"74.39.243.1";"Anon"
"1435";"121.223.94.97";"Anon"
"1436";"74.171.144.253";"Anon"
"1437";"Bassbasketball03";"User"
"1438";"38.100.109.3";"Anon"
"1439";"Theuglygirl123";"User"
"1440";"Dwayne";"User"
"1441";"99.99.13.235";"Anon"
"1442";"70.180.71.127";"Anon"
"1443";"P Aculeius";"User"
"1444";"AnomieBOT";"Bot"
"1445";"12.53.215.2";"Anon"
"1446";"74.36.43.215";"Anon"
"1447";"173.60.102.145";"Anon"
"1448";"207.157.119.23";"Anon"
"1449";"Mr. Wick";"User"
"1450";"190.241.191.82";"Anon"
"1451";"207.157.35.4";"Anon"
"1452";"Gert7";"User"
"1453";"Blehfu";"User"
"1454";"DARTH SIDIOUS 2";"User"
"1455";"71.164.194.211";"Anon"
"1456";"Intelati";"User"
"1457";"74.175.110.190";"Anon"
"1458";"78.150.5.175";"Anon"
"1459";"117.192.205.110";"Anon"
"1460";"137.1.212.12";"Anon"
"1461";"71.22.205.154";"Anon"
"1462";"Tony Webster";"User"
"1463";"121.45.89.186";"Anon"
"1464";"Gryllida";"User"
"1465";"24.98.218.168";"Anon"
"1466";"76.234.153.24";"Anon"
"1467";"Ben Moore";"User"
"1468";"Jeff G.";"User"
"1469";"65.213.67.34";"Anon"
"1470";"81.100.244.5";"Anon"
"1471";"Autoerrant";"User"
"1472";"74.67.35.170";"Anon"
"1473";"87.112.175.45";"Anon"
"1474";"202.153.87.147";"Anon"
"1475";"Qwyrxian";"User"
"1476";"208.31.142.54";"Anon"
"1477";"DASHBotAV";"User"
"1478";"69.15.161.162";"Anon"
"1479";"89.204.196.166";"Anon"
"1480";"1exec1";"User"
"1481";"63.133.153.142";"Anon"
"1482";"Minimac";"User"
"1483";"71.205.190.93";"Anon"
"1484";"98.242.201.27";"Anon"
"1485";"99.237.233.232";"Anon"
"1486";"99.1.145.57";"Anon"
"1487";"SpikeToronto";"User"
"1488";"H3llBot";"Bot"
"1489";"74.244.18.248";"Anon"
"1490";"!dea4u";"User"
"1491";"IGeMiNix";"User"
"1492";"NetRolller 3D";"User"
"1493";"108.13.57.238";"Anon"
"1494";"71.36.62.159";"Anon"
"1495";"98.163.250.71";"Anon"
"1496";"66.206.125.2";"Anon"
"1497";"PM800";"User"
"1498";"204.169.28.254";"Anon"
"1499";"Cfwschmidt";"User"
"1500";"60.241.108.177";"Anon"
"1501";"75.158.130.77";"Anon"
"1502";"174.31.211.61";"Anon"
"1503";"70.51.114.211";"Anon"
"1504";"97.97.173.33";"Anon"
"1505";"205.167.142.244";"Anon"
"1506";"131.247.74.186";"Anon"
"1507";"M6rr47";"User"
"1508";"GentlemanGhost";"User"
"1509";"150.199.195.157";"Anon"
"1510";"59.164.41.16";"Anon"
"1511";"212.76.95.194";"Anon"
"1512";"Reaper Eternal";"User"
"1513";"66.146.232.1";"Anon"
"1514";"67.230.207.62";"Anon"
"1515";"Specs112";"User"
"1516";"68.193.8.84";"Anon"
"1517";"Hi878";"User"
"1518";"Fram";"User"
"1519";"199.104.216.142";"Anon"
"1520";"24.21.108.76";"Anon"
"1521";"Stephen G. Brown";"User"
"1522";"131.111.184.95";"Anon"
"1523";"Dibbey";"User"
"1524";"Azuris";"User"
"1525";"69.133.53.22";"Anon"
"1526";"96.25.242.176";"Anon"
"1527";"216.182.148.249";"Anon"
"1528";"201.236.73.165";"Anon"
"1529";"ClueBot NG";"User"
"1530";"75.139.59.2";"Anon"
"1531";"24.83.53.170";"Anon"
"1532";"Snarkosis";"User"
"1533";"76.175.202.144";"Anon"
"1534";"Missiledragon";"User"
"1535";"125.21.211.14";"Anon"
"1536";"74.12.125.231";"Anon"
"1537";"Ma8thew";"User"
"1538";"59.90.141.179";"Anon"
"1539";"Utcursch";"Admin"
"1540";"76.236.37.136";"Anon"
"1541";"Yerpo";"User"
"1542";"41.224.39.186";"Anon"
"1543";"205.122.32.178";"Anon"
"1544";"205.122.32.179";"Anon"
"1545";"70.76.176.239";"Anon"
"1546";"70.26.16.26";"Anon"
"1547";"Mojo Hand";"User"
"1548";"82.41.161.208";"Anon"
"1549";"Weldone1234567";"User"
"1550";"76.189.162.7";"Anon"
"1551";"Steve2011";"User"
"1552";"99.248.34.50";"Anon"
"1553";"76.116.225.163";"Anon"
"1554";"99.88.187.247";"Anon"
"1555";"SPQRobin";"User"
"1556";"66.157.49.119";"Anon"
"1557";"Fæ";"User"
"1558";"69.40.3.168";"Anon"
"1559";"206.210.146.2";"Anon"
"1560";"Makeemlighter";"User"
"1561";"74.77.106.173";"Anon"
"1562";"99.122.82.223";"Anon"
"1563";"76.190.221.238";"Anon"
"1564";"169.244.21.34";"Anon"
"1565";"AlexiusHoratius";"Admin"
"1566";"75.66.120.168";"Anon"
"1567";"204.48.0.165";"Anon"
"1568";"69.248.9.221";"Anon"
"1569";"207.215.246.237";"Anon"
"1570";"168.10.29.251";"Anon"
"1571";"64.60.51.148";"Anon"
"1572";"76.93.203.60";"Anon"
"1573";"207.166.19.34";"Anon"
"1574";"TBloemink";"User"
"1575";"67.193.60.181";"Anon"
"1576";"206.219.164.144";"Anon"
"1577";"206.45.59.206";"Anon"
"1578";"76.244.78.189";"Anon"
"1579";"Monty845";"User"
"1580";"TexasDawg";"User"
"1581";"70.106.213.242";"Anon"
"1582";"146.82.104.162";"Anon"
"1583";"71.186.194.208";"Anon"
"1584";"207.118.21.254";"Anon"
"1585";"Nikdum";"User"
"1586";"72.148.126.157";"Anon"
"1587";"Shii";"User"
"1588";"8.28.135.2";"Anon"
"1589";"161.97.142.17";"Anon"
"1590";"Ripchip Bot";"User"
"1591";"205.122.32.38";"Anon"
"1592";"Philg88";"User"
"1593";"74.232.37.110";"Anon"
"1594";"Wilson44691";"User"
"1595";"Kit kat2141";"User"
"1596";"Jackerjr";"User"
"1597";"66.110.140.220";"Anon"
"1598";"Hohum";"User"
"1599";"99.242.238.196";"Anon"
"1600";"RjwilmsiBot";"Bot"
"1601";"188.28.244.136";"Anon"
"1602";"67.85.246.136";"Anon"
"1603";"92.18.48.222";"Anon"
"1604";"180.95.18.57";"Anon"
"1605";"Gobonobo";"User"
"1606";"Mr. watermelon man";"User"
"1607";"Vegaswikian";"User"
"1608";"92.235.165.219";"Anon"
"1609";"Edderso";"User"
"1610";"115.124.2.50";"Anon"
"1611";"Headbomb";"User"
"1612";"82.71.213.137";"Anon"
"1613";"CommonsDelinker";"Bot"
"1614";"60.240.151.101";"Anon"
"1615";"Thirdright";"User"
"1616";"Deepakmr14";"User"
"1617";"Baiji";"User"
"1618";"180.181.88.148";"Anon"
"1619";"71.237.197.56";"Anon"
"1620";"59.177.72.140";"Anon"
"1621";"Tbhotch";"User"
"1622";"137.219.98.148";"Anon"
"1623";"120.59.60.52";"Anon"
"1624";"120.61.35.131";"Anon"
"1625";"207.165.199.252";"Anon"
"1626";"Vibhijain";"User"
"1627";"Kejting";"User"
"1628";"Pieplzrolyat";"User"
"1629";"Tad Lincoln";"User"
"1630";"Helpful Pixie Bot";"User"
"1631";"86.133.110.132";"Anon"
"1632";"98.65.189.2";"Anon"
"1633";"117.202.134.162";"Anon"
"1634";"139.133.7.11";"Anon"
"1635";"213.0.252.85";"Anon"
"1636";"112.211.197.184";"Anon"
"1637";"86.30.90.138";"Anon"
"1638";"75.148.37.1";"Anon"
"1639";"109.148.254.144";"Anon"
"1640";"69.63.58.183";"Anon"
"1641";"71.180.62.233";"Anon"
"1642";"69.142.42.249";"Anon"
"1643";"Weedwhacker128";"User"
"1644";"86.17.8.73";"Anon"
"1645";"82.26.226.197";"Anon"
"1646";"Mild Bill Hiccup";"User"
"1647";"81.152.82.115";"Anon"
"1648";"70.158.103.11";"Anon"
"1649";"186.45.110.69";"Anon"
"1650";"Raymondwinn";"User"
"1651";"90.203.31.111";"Anon"
"1652";"173.65.202.238";"Anon"
"1653";"Eugene-elgato";"User"
"1654";"182.177.235.118";"Anon"
"1655";"Vrenator";"User"
"1656";"174.114.236.128";"Anon"
"1657";"94.30.221.151";"Anon"
"1658";"216.165.199.135";"Anon"
"1659";"Marechal Ney";"User"
"1660";"98.93.155.142";"Anon"
"1661";"75.41.39.2";"Anon"
"1662";"120.63.15.132";"Anon"
"1663";"Arxiloxos";"User"
"1664";"165.138.41.44";"Anon"
"1665";"Indyguy";"User"
"1666";"72.43.169.66";"Anon"
"1667";"Logan";"User"
"1668";"142.227.223.80";"Anon"
"1669";"Achowat";"User"
"1670";"27.6.17.130";"Anon"
"1671";"216.56.21.34";"Anon"
"1672";"Wiki13";"User"
"1673";"165.24.249.80";"Anon"
"1674";"66.27.75.39";"Anon"
"1675";"Jim1138";"User"
"1676";"69.58.45.100";"Anon"
"1677";"AbigailAbernathy";"User"
"1678";"Excirial";"Admin"
"1679";"24.118.185.114";"Anon"
"1680";"69.42.5.121";"Anon"
"1681";"120.60.22.188";"Anon"
"1682";"Skizzik";"User"
"1683";"208.108.158.156";"Anon"
"1684";"38.116.202.69";"Anon"
"1685";"156.3.63.104";"Anon"
"1686";"205.235.52.27";"Anon"
"1687";"Arunsingh16";"User"
"1688";"99.238.63.125";"Anon"
"1689";"204.69.115.20";"Anon"
"1690";"Hshah1998";"User"
"1691";"182.239.184.49";"Anon"
"1692";"174.118.153.18";"Anon"
"1693";"182.255.99.66";"Anon"
"1694";"Calabe1992";"User"
"1695";"91.182.240.163";"Anon"
"1696";"96.55.208.51";"Anon"
"1697";"208.66.198.180";"Anon"
"1698";"J36miles";"User"
"1699";"RA0808";"User"
"1700";"124.6.181.185";"Anon"
"1701";"Muon";"User"
"1702";"96.224.213.38";"Anon"
"1703";"Grafen";"User"
"1704";"168.184.222.238";"Anon"
"1705";"Anonymous01010101";"User"
"1706";"Djembayz";"User"
"1707";"142.167.246.125";"Anon"
"1708";"110.184.196.223";"Anon"
"1709";"Igna";"User"
"1710";"66.35.123.192";"Anon"
"1711";"TyA";"User"
"1712";"99.247.241.64";"Anon"
"1713";"Allens";"User"
"1714";"168.11.60.244";"Anon"
"1715";"64.22.255.81";"Anon"
"1716";"76.3.164.250";"Anon"
"1717";"Rjwilmsi";"User"
"1718";"192.234.136.20";"Anon"
"1719";"117.241.64.33";"Anon"
"1720";"199.176.226.33";"Anon"
"1721";"173.206.233.205";"Anon"
"1722";"78.145.225.194";"Anon"
"1723";"186.19.14.207";"Anon"
"1724";"12.40.137.18";"Anon"
"1725";"Lakahata13";"User"
"1726";"Blethering Scot";"User"
"1727";"Abraun3";"User"
"1728";"PlasmaTime";"User"
"1729";"Snipepwner";"User"
"1730";"167.93.7.250";"Anon"
"1731";"157.246.162.106";"Anon"
"1732";"Nasnema";"User"
"1733";"64.150.136.141";"Anon"
"1734";"ContinueWithCaution";"User"
"1735";"58.166.25.105";"Anon"
"1736";"Yunshui";"User"
"1737";"67.208.235.178";"Anon"
"1738";"Frosted14";"User"
"1739";"187.160.126.235";"Anon"
"1740";"Electriccatfish2";"User"
"1741";"24.186.62.123";"Anon"
"1742";"2.49.39.50";"Anon"
"1743";"118.210.205.149";"Anon"
"1744";"122.107.69.8";"Anon"
"1745";"Solarra";"User"
"1746";"192.55.54.40";"Anon"
"1747";"Rockhuntress";"User"
"1748";"203.25.195.230";"Anon"
"1749";"Petrarchan47";"User"
"1750";"Johnfos";"User"
"1751";"Lotje";"User"
"1752";"124.126.142.107";"Anon"
"1753";"Stephenb";"User"
"1754";"41.19.15.22";"Anon"
"1755";"64.39.147.94";"Anon"
"1756";"168.9.35.22";"Anon"
"1757";"Mrelephantboyman";"User"
"1758";"Altaïr";"User"
"1759";"Akindo01";"User"
"1760";"Niceguyedc";"User"
"1761";"Kirsten951533";"User"
"1762";"198.20.32.250";"Anon"
"1763";"Stevenmitchell";"User"
"1764";"177.141.146.125";"Anon"
"1765";"207.35.163.93";"Anon"
"1766";"Rsrikanth05";"User"
"1767";"112.198.79.160";"Anon"
"1768";"72.186.138.88";"Anon"
"1769";"Jprg1966";"User"
"1770";"190.53.110.70";"Anon"
"1771";"Moe Epsilon";"User"
"1772";"Download";"User"
"1773";"201.155.203.18";"Anon"
"1774";"2.98.97.85";"Anon"
"1775";"Sammyb123123";"User"
"1776";"Aatifazeem";"User"
"1777";"Sperril";"User"
"1778";"165.234.180.35";"Anon"
"1779";"27.33.179.46";"Anon"
"1780";"Lugia2453";"User"
"1781";"72.38.133.102";"Anon"
"1782";"209.68.132.10";"Anon"
"1783";"199.231.178.125";"Anon"
"1784";"209.175.192.3";"Anon"
"1785";"50.59.226.237";"Anon"
"1786";"John of Reading";"User"
"1787";"66.29.190.30";"Anon"
"1788";"99.235.114.102";"Anon"
"1789";"Little green rosetta";"User"
"1790";"50.98.112.12";"Anon"
"1791";"Rajat.danger";"User"
"1792";"Jionpedia";"User"
"1793";"65.9.14.50";"Anon"
"1794";"146.145.104.29";"Anon"
"1795";"209.250.173.202";"Anon"
"1796";"189.134.107.82";"Anon"
"1797";"Piandcompany";"User"
"1798";"92.234.11.10";"Anon"
"1799";"66.199.38.14";"Anon"
"1800";"Widr";"Admin"
"1801";"92.97.87.192";"Anon"
"1802";"117.208.232.87";"Anon"
"1803";"71.9.129.37";"Anon"
"1804";"173.76.68.181";"Anon"
"1805";"175.156.125.234";"Anon"
"1806";"Satellizer";"User"
"1807";"Addbot";"Bot"
"1808";"Sunray";"User"
"1809";"201.124.249.167";"Anon"
"1810";"72.156.194.7";"Anon"
"1811";"68.104.154.187";"Anon"
"1812";"41.215.94.39";"Anon"
"1813";"Widefox";"User"
"1814";"205.215.175.132";"Anon"
"1815";"Avoided";"User"
"1816";"Scwlong";"User"
"1817";"216.118.139.67";"Anon"
"1818";"206.219.149.197";"Anon"
"1819";"70.53.228.39";"Anon"
"1820";"Webclient101";"User"
"1821";"70.88.85.1";"Anon"
"1822";"Yintan";"User"
"1823";"99.9.102.77";"Anon"
"1824";"Pratyya Ghosh";"User"
"1825";"195.246.109.20";"Anon"
"1826";"Noq";"User"
"1827";"165.138.249.253";"Anon"
"1828";"50.134.180.86";"Anon"
"1829";"86.97.139.180";"Anon"
"1830";"Graphium";"User"
"1831";"83.60.94.74";"Anon"
"1832";"GravityUp";"User"
"1833";"Reify-tech";"User"
"1834";"Hmrox";"User"
"1835";"216.194.35.107";"Anon"
"1836";"64.88.18.36";"Anon"
"1837";"MusikAnimal";"Admin"
"1838";"188.96.178.112";"Anon"
"1839";"217.33.159.66";"Anon"
"1840";"28bot";"User"
"1841";"121.217.2.28";"Anon"
"1842";"195.134.41.194";"Anon"
"1843";"121.79.195.70";"Anon"
"1844";"Beland";"Admin"
"1845";"188.141.14.152";"Anon"
"1846";"182.64.7.21";"Anon"
"1847";"Andrewpmk";"User"
"1848";"K7L";"User"
"1849";"BG19bot";"Bot"
"1850";"98.172.78.154";"Anon"
"1851";"CensoredScribe";"User"
"1852";"Reatlas";"User"
"1853";"86.171.58.210";"Anon"
"1854";"120.60.143.69";"Anon"
"1855";"RobertEves92";"User"
"1856";"Coatface";"User"
"1857";"216.124.79.6";"Anon"
"1858";"Petrb";"User"
"1859";"112.198.77.13";"Anon"
"1860";"204.154.122.154";"Anon"
"1861";"Littledmanic";"User"
"1862";"120.150.124.87";"Anon"
"1863";"Donner60";"User"
"1864";"164.92.9.26";"Anon"
"1865";"122.164.104.95";"Anon"
"1866";"184.151.63.169";"Anon"
"1867";"64.186.126.74";"Anon"
"1868";"Amandacariip";"User"
"1869";"96.35.145.30";"Anon"
"1870";"24.42.242.87";"Anon"
"1871";"119.235.52.206";"Anon"
"1872";"IronGargoyle";"Admin"
"1873";"76.123.6.97";"Anon"
"1874";"Mark Arsten";"User"
"1875";"K6ka";"Admin"
"1876";"Mtcgold";"User"
"1877";"174.114.177.33";"Anon"
"1878";"Bgwhite";"User"
"1879";"66.4.9.202";"Anon"
"1880";"88.98.69.221";"Anon"
"1881";"67.22.78.195";"Anon"
"1882";"Josh3580";"User"
"1883";"80.42.157.10";"Anon"
"1884";"123.255.46.245";"Anon"
"1885";"Marickaburke";"User"
"1886";"50.202.176.131";"Anon"
"1887";"Slazenger";"User"
"1888";"67.77.41.65";"Anon"
"1889";"86.47.16.49";"Anon"
"1890";"40.134.161.43";"Anon"
"1891";"ȸ";"User"
"1892";"78.101.4.57";"Anon"
"1893";"CombatWombat42";"User"
"1894";"RXG TDA";"User"
"1895";"169.204.192.22";"Anon"
"1896";"Nicoatxo";"User"
"1897";"216.196.204.110";"Anon"
"1898";"Rrburke";"User"
"1899";"204.78.76.73";"Anon"
"1900";"207.144.99.104";"Anon"
"1901";"190.108.66.211";"Anon"
"1902";"Crappycrap2003";"User"
"1903";"199.185.67.238";"Anon"
"1904";"75.67.196.1";"Anon"
"1905";"G S Palmer";"User"
"1906";"Evabryn";"User"
"1907";"50.200.216.82";"Anon"
"1908";"69.126.29.162";"Anon"
"1909";"J 1982";"User"
"1910";"92.251.133.92";"Anon"
"1911";"Demoniccathandler";"User"
"1912";"Newtocambridge";"User"
"1913";"68.44.67.172";"Anon"
"1914";"Hariehkr";"User"
"1915";"Jizzburgerunited";"User"
"1916";"Mean as custard";"User"
"1917";"Smalljim";"Admin"
"1918";"23.25.222.145";"Anon"
"1919";"112.198.82.39";"Anon"
"1920";"203.115.28.190";"Anon"
"1921";"HiLo48";"User"
"1922";"123.237.131.217";"Anon"
"1923";"67.208.188.142";"Anon"
"1924";"Yamaguchi先生";"Admin"
"1925";"198.102.153.1";"Anon"
"1926";"210.18.192.14";"Anon"
"1927";"203.100.8.4";"Anon"
"1928";"Phaldistimus";"User"
"1929";"96.11.13.229";"Anon"
"1930";"96.11.13.230";"Anon"
"1931";"96.11.13.227";"Anon"
"1932";"Krano";"User"
"1933";"96.36.104.238";"Anon"
"1934";"97.97.181.14";"Anon"
"1935";"Justin.gazzola";"User"
"1936";"Materialscientist";"Admin"
"1937";"115.244.239.131";"Anon"
"1938";"KevM";"User"
"1939";"FiredanceThroughTheNight";"User"
"1940";"173.150.198.62";"Anon"
"1941";"Frosty";"User"
"1942";"108.122.76.235";"Anon"
"1943";"173.150.238.16";"Anon"
"1944";"2.26.167.104";"Anon"
"1945";"Flyer22 Frozen";"User"
"1946";"199.235.105.17";"Anon"
"1947";"194.118.208.62";"Anon"
"1948";"This lousy T-shirt";"User"
"1949";"207.119.160.3";"Anon"
"1950";"I dream of horses";"User"
"1951";"Jadon0827";"User"
"1952";"76.65.21.102";"Anon"
"1953";"Pepper";"User"
"1954";"EricaLhern";"User"
"1955";"96.24.54.212";"Anon"
"1956";"170.158.82.103";"Anon"
"1957";"193.17.67.1";"Anon"
"1958";"DivineAlpha";"User"
"1959";"217.192.94.163";"Anon"
"1960";"AKS.9955";"User"
"1961";"151.188.105.203";"Anon"
"1962";"172.56.29.104";"Anon"
"1963";"71.15.227.10";"Anon"
"1964";"202.8.243.193";"Anon"
"1965";"Babitaarora";"User"
"1966";"2601:9:680:D70:B84B:8441:CD00:E8ED";"Anon"
"1967";"Majora4";"User"
"1968";"203.56.0.254";"Anon"
"1969";"Amaury";"User"
"1970";"101.165.45.199";"Anon"
"1971";"82.163.78.77";"Anon"
"1972";"82.163.78.39";"Anon"
"1973";"50.249.204.21";"Anon"
"1974";"Stesmo";"User"
"1975";"Collapsedlight";"User"
"1976";"Uruiamme";"User"
"1977";"178.153.92.75";"Anon"
"1978";"50.44.35.196";"Anon"
"1979";"32.216.147.44";"Anon"
"1980";"132.229.98.157";"Anon"
"1981";"Catlemur";"User"
"1982";"50.44.46.247";"Anon"
"1983";"70.184.92.12";"Anon"
"1984";"Winner 42";"User"
"1985";"3 of Diamonds";"User"
"1986";"63.116.236.2";"Anon"
"1987";"67.169.162.24";"Anon"
"1988";"DemocraticLuntz";"User"
"1989";"130.245.197.81";"Anon"
"1990";"CuriousMind01";"User"
"1991";"47.55.23.24";"Anon"
"1992";"205.202.240.170";"Anon"
"1993";"96.49.244.38";"Anon"
"1994";"108.206.134.180";"Anon"
"1995";"165.120.79.8";"Anon"
"1996";"162.252.63.105";"Anon"
"1997";"Lilmiscutey";"User"
"1998";"Meow10811";"User"
"1999";"Chris the speller";"User"
"2000";"207.195.44.218";"Anon"
"2001";"217.179.199.89";"Anon"
"2002";"Food artisan";"User"
"2003";"Rottenmadness";"User"
"2004";"Rottenshow";"User"
"2005";"Boundarylayer";"User"
"2006";"78.19.72.180";"Anon"
"2007";"Cyberbot II";"User"
"2008";"110.55.2.136";"Anon"
"2009";"SchreiberBike";"User"
"2010";"Macaroni Peep";"User"
"2011";"73.207.143.34";"Anon"
"2012";"JJMC89";"Admin"
"2013";"173.209.108.154";"Anon"
"2014";"Jonathan19098";"User"
"2015";"120.88.34.144";"Anon"
"2016";"1.39.51.30";"Anon"
"2017";"Vallyjain";"User"
"2018";"2601:601:400:3D70:2C41:6B63:BF22:B23A";"Anon"
"2019";"NYBrook098";"User"
"2020";"DKATyler";"User"
"2021";"24.42.243.60";"Anon"
"2022";"117.197.29.133";"Anon"
"2023";"117.197.25.40";"Anon"
"2024";"76.9.57.99";"Anon"
"2025";"Bentogoa";"User"
"2026";"173.76.127.162";"Anon"
"2027";"163.150.137.104";"Anon"
"2028";"Kieransteeves";"User"
"2029";"Ronjukhan";"User"
"2030";"77.56.53.183";"Anon"
"2031";"1.39.39.2";"Anon"
"2032";"92.14.77.171";"Anon"
"2033";"167.217.31.250";"Anon"
"2034";"167.217.30.24";"Anon"
"2035";"92.98.77.104";"Anon"
"2036";"108.0.181.226";"Anon"
"2037";"Vexations";"User"
"2038";"66.96.66.162";"Anon"
"2039";"31.15.38.96";"Anon"
"2040";"David.moreno72";"User"
"2041";"DVdm";"User"
"2042";"178.153.73.32";"Anon"
"2043";"Serols";"User"
"2044";"Sally123h";"User"
"2045";"Dcirovic";"User"
"2046";"2601:1C2:E01:2900:9D06:9344:6364:3076";"Anon"
"2047";"Lazylaces";"User"
"2048";"Yuomamm";"User"
"2049";"195.221.251.35";"Anon"
"2050";"81.135.42.27";"Anon"
"2051";"Cschoch";"User"
"2052";"206.219.162.132";"Anon"
"2053";"Lemondoge";"User"
"2054";"119.18.47.107";"Anon"
"2055";"205.126.15.197";"Anon"
"2056";"R'n'B";"Admin"
"2057";"64.90.19.82";"Anon"
"2058";"2602:306:BDFA:AF40:3DCC:B332:3026:9C8A";"Anon"
"2059";"220.253.211.113";"Anon"
"2060";"Dps04";"User"
"2061";"Mbmars";"User"
"2062";"173.188.156.242";"Anon"
"2063";"Vaselineeeeeeee";"User"
"2064";"Timothy Beck of Torrance";"User"
"2065";"GreenC bot";"User"
"2066";"147.188.128.176";"Anon"
"2067";"203.87.129.151";"Anon"
"2068";"InternetArchiveBot";"Bot"
"2069";"203.173.195.68";"Anon"
"2070";"101.182.68.254";"Anon"
"2071";"74.36.103.230";"Anon"
"2072";"153.20.95.84";"Anon"
"2073";"Jackfork";"User"
"2074";"217.73.197.178";"Anon"
"2075";"217.165.93.70";"Anon"
"2076";"24.43.65.44";"Anon"
"2077";"NQ";"User"
"2078";"24.239.142.184";"Anon"
"2079";"DavidLeighEllis";"User"
"2080";"165.206.120.98";"Anon"
"2081";"Teacherhelp32423";"User"
"2082";"Awjlogan";"User"
"2083";"98.250.235.170";"Anon"
"2084";"184.151.37.166";"Anon"
"2085";"182.65.93.83";"Anon"
"2086";"Sjö";"User"
"2087";"206.125.41.135";"Anon"
"2088";"Marianna251";"User"
"2089";"81.128.146.120";"Anon"
"2090";"Mdriscoll03";"User"
"2091";"209.250.178.122";"Anon"
"2092";"2.126.249.146";"Anon"
"2093";"Hiimcoolinaway";"User"
"2094";"109.83.16.158";"Anon"
"2095";"HaeB";"User"
"2096";"Tesla400";"User"
"2097";"Neptuunium";"User"
"2098";"69.54.57.166";"Anon"
"2099";"Olision889";"User"
"2100";"Entranced98";"User"
"2101";"Randy Kryn";"User"
"2102";"72.70.22.16";"Anon"
"2103";"162.230.7.27";"Anon"
"2104";"182.71.179.6";"Anon"
"2105";"Monkbot";"Bot"
"2106";"168.184.242.255";"Anon"
"2107";"152.52.21.227";"Anon"
"2108";"Kssaditya";"User"
"2109";"2605:E000:AD0B:2E00:196E:E789:DBA9:BD2F";"Anon"
"2110";"Espmstudent";"User"
"2111";"217.115.48.172";"Anon"
"2112";"173.251.109.133";"Anon"
"2113";"Tompop888";"User"
"2114";"66.85.41.38";"Anon"
"2115";"2600:1012:B10D:791A:D889:A07E:608A:DF78";"Anon"
"2116";"Bender the Bot";"User"
"2117";"24.113.168.98";"Anon"
"2118";"193.236.85.113";"Anon"
"2119";"70.251.179.114";"Anon"
"2120";"S53128";"User"
"2121";"PeteGaughan";"User"
"2122";"115.249.106.163";"Anon"
"2123";"Alexcraftedwre";"User"
"2124";"199.43.174.115";"Anon"
"2125";"64.125.144.10";"Anon"
"2126";"76.71.65.70";"Anon"
"2127";"153.104.35.217";"Anon"
"2128";"Oshwah";"Admin"
"2129";"209.136.225.254";"Anon"
"2130";"Lllllooooooooolllllllllll6969";"User"
"2131";"GeneralizationsAreBad";"Admin"
"2132";"2602:306:37E9:C820:8897:50C0:4751:C2DB";"Anon"
"2133";"Rthhjnffgggjh";"User"
"2134";"C.Fred";"Admin"
"2135";"Raritydash";"User"
"2136";"ZappaOMatic";"User"
"2137";"Whooodini1";"User"
"2138";"Trooper1005";"User"
"2139";"Lilyyeqing";"User"
"2140";"50.243.49.1";"Anon"
"2141";"CLCStudent";"User"
"2142";"GuitarMaster123456";"User"
"2143";"LuK3";"Admin"
"2144";"Magioladitis";"User"
"2145";"156.3.55.79";"Anon"
"2146";"DavidBrooks";"User"
"2147";"71.94.151.183";"Anon"
"2148";"PackMecEng";"User"
"2149";"72.48.201.79";"Anon"
"2150";"Felicia777";"User"
"2151";"171.79.30.35";"Anon"
"2152";"50.205.133.141";"Anon"
"2153";"Contributor8989";"User"
"2154";"108.48.171.156";"Anon"
"2155";"101.100.129.199";"Anon"
"2156";"Onel5969";"User"
"2157";"The Rejector";"User"
"2158";"Bishonen";"Admin"
"2159";"68.186.192.127";"Anon"
"2160";"NewEnglandYankee";"User"
"2161";"Calebwhohasanewphone";"User"
"2162";"Boooooooooooii";"User"
"2163";"72";"User"
"2164";"67.8.30.204";"Anon"
"2165";"JCW-CleanerBot";"Bot"
"2166";"Red Star 777";"User"
"2167";"39.48.7.37";"Anon"
"2168";"LakesideMiners";"User"
"2169";"Klbrain";"User"
"2170";"70.63.58.235";"Anon"
"2171";"Shellwood";"User"
"2172";"112.208.18.53";"Anon"
"2173";"Trosik";"User"
"2174";"2405:204:734D:827D:3937:369F:A83D:9450";"Anon"
"2175";"2601:586:101:71F0:D481:F2B3:8DC2:9965";"Anon"
"2176";"Jsallusto";"User"
"2177";"121.54.185.17";"Anon"
"2178";"192.186.91.130";"Anon"
"2179";"72.235.14.209";"Anon"
"2180";"216.16.214.51";"Anon"
"2181";"170.72.8.156";"Anon"
"2182";"67.164.109.102";"Anon"
"2183";"El C";"User"
"2184";"Violetriga";"User"
"2185";"85.76.46.164";"Anon"
"2186";"Eagleash";"User"
"2187";"187.188.214.95";"Anon"
"2188";"218.212.43.60";"Anon"
"2189";"64.125.177.220";"Anon"
"2190";"216.200.134.44";"Anon"
"2191";"Dane";"User"
"2192";"Glpinagelpinagel";"User"
"2193";"Bailey halifax";"User"
"2194";"Flooded with them hundreds";"User"
"2195";"2402:3A80:87E:C554:0:50:12CE:7701";"Anon"
"2196";"Anthony Campello";"User"
"2197";"SemiHypercube";"User"
"2198";"80.42.104.138";"Anon"
"2199";"DeprecatedFixerBot";"Bot"
"2200";"OAbot";"Bot"
"2201";"205.159.86.10";"Anon"
"2202";"Waterbottleflips77";"User"
"2203";"Theapoorvasingh";"User"
"2204";"Kalli navya";"User"
"2205";"Donald Albury";"User"
"2206";"217.180.33.2";"Anon"
"2207";"Jsnsjsnsm";"User"
"2208";"Dolfinz1972";"User"
"2209";"217.180.33.5";"Anon"
"2210";"2601:188:180:11F0:65F5:930C:B0B2:CD63";"Anon"
"2211";"27.5.239.73";"Anon"
"2212";"Danski454";"User"
"2213";"92.251.170.15";"Anon"
"2214";"175.143.55.25";"Anon"
"2215";"KH-1";"User"
"2216";"72.185.130.102";"Anon"
"2217";"207.189.227.118";"Anon"
"2218";"172.81.79.13";"Anon"
"2219";"204.152.155.148";"Anon"
"2220";"HickoryOughtShirt?4";"Admin"
"2221";"63.233.210.98";"Anon"
"2222";"Didksk";"User"
"2223";"Sam Hnri";"User"
"2224";"Zylstra";"User"
"2225";"190.104.236.194";"Anon"
"2226";"42.109.147.178";"Anon"
"2227";"34.229.255.61";"Anon"
"2228";"Code Zero";"User"
"2229";"Jebcubed";"User"
"2230";"Ybravura";"User"
"2231";"86.98.87.243";"Anon"
"2232";"Boothsift";"User"
"2233";"GreekDressing";"User"
"2234";"138.87.133.15";"Anon"
"2235";"138.87.133.14";"Anon"
"2236";"138.87.133.1";"Anon"
"2237";"138.87.133.7";"Anon"
"2238";"The Herald";"User"
"2239";"Tmooooooo";"User"
"2240";"138.87.133.2";"Anon"
"2241";"Jimkna1";"User"
"2242";"Jauerback";"Admin"
"2243";"Spintendo";"User"
"2244";"KolbertBot";"Bot"
"2245";"Girth Summit";"User"
"2246";"2405:204:A001:BE0D:0:0:2958:80AC";"Anon"
"2247";"Citation bot";"User"
"2248";"116.12.61.179";"Anon"
"2249";"Ealdgyth";"Admin"
"2250";"122.176.235.211";"Anon"
"2251";"2601:246:800:AF20:2477:6D61:7713:F11E";"Anon"
"2252";"Eurodyne";"User"
"2253";"69.112.232.229";"Anon"
"2254";"Thegreatluigi";"User"
"2255";"Trappist the monk";"User"
"2256";"2A02:C7D:761E:5200:F43C:4C72:723D:61A8";"Anon"
"2257";"Anthony.presley010577";"User"
"2258";"Samf4u";"User"
"2259";"AntiCedros";"User"
"2260";"Aboideau";"User"
"2261";"149.172.159.80";"Anon"
"2262";"Horst Hof";"User"
"2263";"2601:282:4001:4717:7528:9B0E:F579:2776";"Anon"
"2264";"Canucklehead";"User"
"2265";"174.76.113.111";"Anon"
"2266";"63.142.37.138";"Anon"
"2267";"2600:6C52:7200:F03:9883:1AF1:10C9:9549";"Anon"
"2268";"PohranicniStraze";"User"
"2269";"117.195.224.33";"Anon"
"2270";"5.32.57.106";"Anon"
"2271";"Climatewarrior124";"User"
"2272";"Slimeboy6001";"User"
"2273";"216.167.254.18";"Anon"
"2274";"John B123";"User"
"2275";"Artoria2e5";"User"
"2276";"35.138.233.95";"Anon"
"2277";"Wtmitchell";"Admin"
"2278";"Eyer";"User"
"2279";"Larry Hockett";"User"
"2280";"Freight hopper";"User"
"2281";"169.199.168.242";"Anon"
"2282";"2601:147:C301:A80:3588:B6AC:90CF:9D46";"Anon"
"2283";"2601:5CC:8301:FD00:FC64:8A97:28DA:D40F";"Anon"
"2284";"PauloMSimoes";"User"
"2285";"2607:FEA8:3D00:4A3:7182:2975:58BF:E07D";"Anon"
"2286";"Jkrajr";"User"
"2287";"Muffin of the English";"User"
"2288";"Environ14";"User"
"2289";"Niwde21";"User"
"2290";"24.244.248.13";"Anon"
"2291";"Eostrix";"User"
"2292";"ToBeFree";"Admin"
"2293";"185.102.16.37";"Anon"
"2294";"Tymon.r";"User"
"2295";"Bibliothecamex";"User"
"2296";"Rsjaffe";"User"
"2297";"Jarble";"User"
"2298";"Danimations";"User"
"2299";"109.77.195.197";"Anon"
"2300";"2A02:8108:52BF:F9C8:9113:8F49:1472:75F9";"Anon"
"2301";"88.201.0.159";"Anon"
"2302";"Érico";"User"
"2303";"2A02:C7D:AFA5:E000:7CDB:1679:2B72:4ADA";"Anon"
"2304";"12.236.138.174";"Anon"
"2305";"185.30.73.229";"Anon"
"2306";"Quebec99";"User"
"2307";"5.179.80.200";"Anon"
"2308";"134.41.140.127";"Anon"
"2309";"106.67.18.80";"Anon"
"2310";"92.23.125.230";"Anon"
"2311";"2401:4900:45DD:7CA6:642F:EF9E:16DB:1A5C";"Anon"
"2312";"Blablubbs";"Admin"
"2313";"Graywalls";"User"
"2314";"49.144.198.74";"Anon"
"2315";"Oronsay";"User"
"2316";"RandomHearts";"User"
"2317";"Lillian Santiago";"User"
"2318";"P,TO 19104";"User"
"2319";"2600:1700:A0C1:6500:E469:E3E8:AA25:B6E0";"Anon"
"2320";"Keith D";"User"
"2321";"Khloe Bear";"User"
"2322";"76.23.44.134";"Anon"
"2323";"Susmuffin";"User"
"2324";"PopePompus";"User"
"2325";"QuietHere";"User"
"2326";"2.30.228.203";"Anon"
"2327";"Dylsss";"User"
"2328";"119.236.164.64";"Anon"
"2329";"Hulged";"User"
"2330";"103.206.135.203";"Anon"
"2331";"Reid 0880";"User"
"2332";"2603:8080:6300:1B:2D2D:8F1C:DBB5:B4F9";"Anon"
"2333";"2A02:8071:8191:7300:E1DB:CEA4:563A:C39B";"Anon"
"2334";"SunDawn";"User"
"2335";"79.76.23.83";"Anon"
"2336";"Incagnito";"User"
"2337";"HelenDegenerate";"User"
"2338";"117.196.82.5";"Anon"
"2339";"69.158.119.151";"Anon"
"2340";"Xstoe";"User"
"2341";"170.199.25.231";"Anon"
"2342";"Joerg Straeussler";"User"
"2343";"Beritas";"User"
"2344";"EmmaSW";"User"
"2345";"ZaniGiovanni";"User"
"2346";"WikiCleanerBot";"Bot"
"2347";"EMsmile";"User"
"2348";"Jamzze";"User"
"2349";"Normal Name";"User"
"2350";"Iridescent 2";"User"
"2351";"97.89.116.230";"Anon"
"2352";"Hyun01";"User"
"11000";"Edcolins";"Admin"
"2354";"150.174.193.170";"Anon"
"3100";"Damieno'connell";"User"
"4100";"GeneNygaard";"User"
"5100";"PhilPolychaete";"User"
"6100";"4.158.66.121";"Anon"
"7100";"72.144.41.103";"Anon"
"8100";"OilTreatmentInternational";"User"
"9100";"JosephSolisinAustralia";"User"
"10100";"BloodRedSandman";"User"
"11100";"63.227.0.154";"Anon"
"12100";"AlanLiefting";"User"
"13100";"AthrunAtreides";"User"
"14100";"Phillyjawn";"User"
"15100";"78.146.164.105";"Anon"
"16100";"SamuelWiki";"User"
"17100";"69.156.177.247";"Anon"
"18100";"Smokinyallout";"User"
"19100";"58.26.173.201";"Anon"
"20100";"76.126.212.68";"Anon"
"21100";"Pjoseph98";"User"
"22100";"DavidWoodward";"User"
"2355";"PAculeius";"User"
"2410";"NetRolller3D";"User"
"2510";"RichFarmbrough";"User"
"2610";"24.176.19.111";"Anon"
"2710";"StephenG.Brown";"User"
"2810";"DianeWagenbrenner";"User"
"2910";"BendertheBot";"Bot"
"3010";"Kallinavya";"User"
"3110";"Citationbot";"Bot"
"3210";"SurfaceScientistInventor";"User"
